Customer_Churn,0,1,Total
0,61.4,13.200000000000001,74.6
1,19.6,5.800000000000001,25.4
Total,81.0,19.0,100.0
